{"s": {"insert": {"3": 0.005250453948974609, "4": 0.010932207107543945, "5": 0.08780550956726074, "6": 0.9825403690338135, "7": 12.046599864959717, "8": 135.74751377105713}, "index": {"3": 0.003735780715942383, "4": 0.007910728454589844, "5": 0.033275604248046875, "6": 0.3018209934234619, "7": 4.000730752944946, "8": 52.19612097740173}, "join": {}}, "p": {"insert": {"3": 0.024369239807128906, "4": 0.04597067832946777, "5": 0.10496163368225098, "6": 1.2837402820587158, "7": 13.302936553955078, "8": 141.59918236732483}, "index": {"3": 0.07186651229858398, "4": 0.08652019500732422, "5": 0.13025355339050293, "6":0.421741247177124, "7": 3.7991466522216797, "8": 45.76197552680969}, "join": {"3": 0.012436389923095703, "4": 0.027027368545532227, "5": 0.022011756896972656, "6": 0.07520103454589844, "7": 3.2496304512023926, "8": 51.120869874954224}}}
